{
    "meta": {
        "source": "calliope",
        "version": "0.6.10",
        "commit": "aad664ff1202d298e3265cd8994ca5e9a57788e9",
        "name": "calliope_0610_national_T1W",
        "descr": {
            "model": "tutorial_national_scale",
            "period": "first week of January"
        },
        "fingerprint": -1875605449
    },
    "problem_type": "LP",
    "stats": {
        "original": {
            "size": {
                "variables": {
                    "total": 8950,
                    "binary": 0,
                    "integer": 0,
                    "nontrivial_bounds": false
                },
                "constraints": {
                    "total": 11308,
                    "eq": 5237,
                    "le": 6061,
                    "ge": 10
                },
                "nonzeros": 28612
            },
            "range": {
                "coefficients": [
                    0.001851,
                    4.0
                ],
                "rhs": [
                    1.0,
                    614033.0
                ],
                "objective": [
                    1.0,
                    1000000.0
                ],
                "bounds": [
                    0.0,
                    0.0
                ]
            },
            "sparsity": {
                "columns": {
                    "quantiles": [
                        4.0,
                        4.0,
                        7.0
                    ],
                    "num_dense": 191
                },
                "rows": {
                    "quantiles": [
                        4.0,
                        5.0,
                        12.0
                    ],
                    "num_dense": 180
                }
            }
        },
        "presolved": [
            {
                "tool": "gurobi",
                "version": "11.0.3",
                "stats": {
                    "size": {
                        "variables": {
                            "total": 4109,
                            "binary": 0,
                            "integer": 0,
                            "nontrivial_bounds": true
                        },
                        "constraints": {
                            "total": 4232,
                            "eq": 1268,
                            "le": 2964,
                            "ge": 0
                        },
                        "nonzeros": 12707
                    },
                    "range": {
                        "coefficients": [
                            0.001851,
                            4.0
                        ],
                        "rhs": [
                            2090.164,
                            39033.52
                        ],
                        "objective": [
                            0.0017,
                            1000000.0
                        ],
                        "bounds": [
                            1000.0,
                            614647.034
                        ]
                    },
                    "sparsity": {
                        "columns": {
                            "quantiles": [
                                4.0,
                                5.0,
                                6.0
                            ],
                            "num_dense": 182
                        },
                        "rows": {
                            "quantiles": [
                                5.0,
                                6.0,
                                8.0
                            ],
                            "num_dense": 168
                        }
                    }
                }
            }
        ]
    },
    "baseline": {
        "solver": "gurobi",
        "version": "11.0.3",
        "solution": {
            "solution_status": "OPTIMAL",
            "runtime": 0.09840798377990723,
            "barrier_iterations": 27,
            "objective_value": 386970.4204145422
        }
    }
}