{
    "meta": {
        "source": "calliope",
        "version": "0.6.10",
        "commit": "aad664ff1202d298e3265cd8994ca5e9a57788e9",
        "name": "calliope_0610_urban_T3M",
        "descr": {
            "model": "tutorial_urban_scale",
            "period": "January to March"
        },
        "fingerprint": -1822601905
    },
    "problem_type": "LP",
    "stats": {
        "original": {
            "size": {
                "variables": {
                    "total": 162073,
                    "binary": 0,
                    "integer": 0,
                    "nontrivial_bounds": false
                },
                "constraints": {
                    "total": 188023,
                    "eq": 95094,
                    "le": 92906,
                    "ge": 23
                },
                "nonzeros": 475820
            },
            "range": {
                "coefficients": [
                    0.000142857,
                    36.67238567421241
                ],
                "rhs": [
                    0.0156,
                    2000.0
                ],
                "objective": [
                    1.0,
                    1000000.0
                ],
                "bounds": [
                    0.0,
                    0.0
                ]
            },
            "sparsity": {
                "columns": {
                    "quantiles": [
                        3.0,
                        4.0,
                        6.0
                    ],
                    "num_dense": 2192
                },
                "rows": {
                    "quantiles": [
                        4.0,
                        6.0,
                        12.0
                    ],
                    "num_dense": 2168
                }
            }
        },
        "presolved": [
            {
                "tool": "gurobi",
                "version": "11.0.3",
                "stats": {
                    "size": {
                        "variables": {
                            "total": 84720,
                            "binary": 0,
                            "integer": 0,
                            "nontrivial_bounds": true
                        },
                        "constraints": {
                            "total": 84705,
                            "eq": 21600,
                            "le": 63105,
                            "ge": 0
                        },
                        "nonzeros": 243780
                    },
                    "range": {
                        "coefficients": [
                            0.00012142845,
                            2.4691358024691357
                        ],
                        "rhs": [
                            0.0156,
                            571.1515914
                        ],
                        "objective": [
                            0.0013582365064523114,
                            1000000.0
                        ],
                        "bounds": [
                            0.043542457457499996,
                            2002.001
                        ]
                    },
                    "sparsity": {
                        "columns": {
                            "quantiles": [
                                4.0,
                                4.0,
                                5.0
                            ],
                            "num_dense": 2175
                        },
                        "rows": {
                            "quantiles": [
                                5.0,
                                8.0,
                                11.0
                            ],
                            "num_dense": 875
                        }
                    }
                }
            }
        ]
    },
    "baseline": {
        "solver": "gurobi",
        "version": "11.0.3",
        "solution": {
            "solution_status": "OPTIMAL",
            "runtime": 2.9389491081237793,
            "barrier_iterations": 48,
            "objective_value": 48810.6974110665
        }
    }
}