{
    "meta": {
        "source": "calliope",
        "version": "0.6.10",
        "commit": "aad664ff1202d298e3265cd8994ca5e9a57788e9",
        "name": "calliope_0610_national_T3M",
        "descr": {
            "model": "tutorial_national_scale",
            "period": "January to March"
        },
        "fingerprint": 609410560
    },
    "problem_type": "LP",
    "stats": {
        "original": {
            "size": {
                "variables": {
                    "total": 114526,
                    "binary": 0,
                    "integer": 0,
                    "nontrivial_bounds": false
                },
                "constraints": {
                    "total": 144772,
                    "eq": 66989,
                    "le": 77773,
                    "ge": 10
                },
                "nonzeros": 367158
            },
            "range": {
                "coefficients": [
                    7.400000000000001e-05,
                    27.164730129046227
                ],
                "rhs": [
                    1.0,
                    614033.0
                ],
                "objective": [
                    1.0,
                    1000000.0
                ],
                "bounds": [
                    0.0,
                    0.0
                ]
            },
            "sparsity": {
                "columns": {
                    "quantiles": [
                        4.0,
                        4.0,
                        7.0
                    ],
                    "num_dense": 2183
                },
                "rows": {
                    "quantiles": [
                        4.0,
                        5.0,
                        12.0
                    ],
                    "num_dense": 2172
                }
            }
        },
        "presolved": [
            {
                "tool": "gurobi",
                "version": "11.0.3",
                "stats": {
                    "size": {
                        "variables": {
                            "total": 53099,
                            "binary": 0,
                            "integer": 0,
                            "nontrivial_bounds": true
                        },
                        "constraints": {
                            "total": 55120,
                            "eq": 16488,
                            "le": 38632,
                            "ge": 0
                        },
                        "nonzeros": 164905
                    },
                    "range": {
                        "coefficients": [
                            7.400000000000001e-05,
                            4.0
                        ],
                        "rhs": [
                            2090.164,
                            40000.0
                        ],
                        "objective": [
                            0.0017,
                            1000000.0
                        ],
                        "bounds": [
                            1000.0,
                            614647.034
                        ]
                    },
                    "sparsity": {
                        "columns": {
                            "quantiles": [
                                4.0,
                                5.0,
                                6.0
                            ],
                            "num_dense": 2174
                        },
                        "rows": {
                            "quantiles": [
                                5.0,
                                6.0,
                                8.0
                            ],
                            "num_dense": 2160
                        }
                    }
                }
            }
        ]
    },
    "baseline": {
        "solver": "gurobi",
        "version": "11.0.3",
        "solution": {
            "solution_status": "OPTIMAL",
            "runtime": 3.346036911010742,
            "barrier_iterations": 53,
            "objective_value": 5763815.276984237
        }
    }
}