{
    "meta": {
        "source": "calliope",
        "version": "0.6.10",
        "commit": "aad664ff1202d298e3265cd8994ca5e9a57788e9",
        "name": "calliope_0610_national_T1Y",
        "descr": {
            "model": "tutorial_national_scale",
            "period": "one full year"
        },
        "fingerprint": -1481138613
    },
    "problem_type": "LP",
    "stats": {
        "original": {
            "size": {
                "variables": {
                    "total": 464326,
                    "binary": 0,
                    "integer": 0,
                    "nontrivial_bounds": false
                },
                "constraints": {
                    "total": 586972,
                    "eq": 271589,
                    "le": 315373,
                    "ge": 10
                },
                "nonzeros": 1490227
            },
            "range": {
                "coefficients": [
                    1.2e-05,
                    110.16807219002081
                ],
                "rhs": [
                    1.0,
                    614033.0
                ],
                "objective": [
                    1.0,
                    1000000.0
                ],
                "bounds": [
                    0.0,
                    0.0
                ]
            },
            "sparsity": {
                "columns": {
                    "quantiles": [
                        4.0,
                        4.0,
                        7.0
                    ],
                    "num_dense": 8783
                },
                "rows": {
                    "quantiles": [
                        4.0,
                        5.0,
                        12.0
                    ],
                    "num_dense": 8772
                }
            }
        },
        "presolved": [
            {
                "tool": "gurobi",
                "version": "11.0.3",
                "stats": {
                    "size": {
                        "variables": {
                            "total": 217640,
                            "binary": 0,
                            "integer": 0,
                            "nontrivial_bounds": true
                        },
                        "constraints": {
                            "total": 227330,
                            "eq": 67760,
                            "le": 159570,
                            "ge": 0
                        },
                        "nonzeros": 676922
                    },
                    "range": {
                        "coefficients": [
                            1.2e-05,
                            4.0
                        ],
                        "rhs": [
                            2090.164,
                            40000.0
                        ],
                        "objective": [
                            0.0017,
                            1000000.0
                        ],
                        "bounds": [
                            1000.0,
                            614647.034
                        ]
                    },
                    "sparsity": {
                        "columns": {
                            "quantiles": [
                                4.0,
                                5.0,
                                6.0
                            ],
                            "num_dense": 8774
                        },
                        "rows": {
                            "quantiles": [
                                5.0,
                                6.0,
                                8.0
                            ],
                            "num_dense": 8760
                        }
                    }
                }
            }
        ]
    },
    "baseline": {
        "solver": "gurobi",
        "version": "11.0.3",
        "solution": {
            "solution_status": "OPTIMAL",
            "runtime": 46.73545002937317,
            "barrier_iterations": 115,
            "objective_value": 22389323.541204024
        }
    }
}