{
    "meta": {
        "source": "calliope",
        "version": "0.6.10",
        "commit": "aad664ff1202d298e3265cd8994ca5e9a57788e9",
        "name": "calliope_0610_national_T1M",
        "descr": {
            "model": "tutorial_national_scale",
            "period": "all of January"
        },
        "fingerprint": 1103517486
    },
    "problem_type": "LP",
    "stats": {
        "original": {
            "size": {
                "variables": {
                    "total": 39478,
                    "binary": 0,
                    "integer": 0,
                    "nontrivial_bounds": false
                },
                "constraints": {
                    "total": 49900,
                    "eq": 23093,
                    "le": 26797,
                    "ge": 10
                },
                "nonzeros": 126458
            },
            "range": {
                "coefficients": [
                    0.001067,
                    9.35674037778259
                ],
                "rhs": [
                    1.0,
                    614033.0
                ],
                "objective": [
                    1.0,
                    1000000.0
                ],
                "bounds": [
                    0.0,
                    0.0
                ]
            },
            "sparsity": {
                "columns": {
                    "quantiles": [
                        4.0,
                        4.0,
                        7.0
                    ],
                    "num_dense": 767
                },
                "rows": {
                    "quantiles": [
                        4.0,
                        5.0,
                        12.0
                    ],
                    "num_dense": 756
                }
            }
        },
        "presolved": [
            {
                "tool": "gurobi",
                "version": "11.0.3",
                "stats": {
                    "size": {
                        "variables": {
                            "total": 18197,
                            "binary": 0,
                            "integer": 0,
                            "nontrivial_bounds": true
                        },
                        "constraints": {
                            "total": 18822,
                            "eq": 5638,
                            "le": 13184,
                            "ge": 0
                        },
                        "nonzeros": 56451
                    },
                    "range": {
                        "coefficients": [
                            0.001067,
                            4.0
                        ],
                        "rhs": [
                            2090.164,
                            40000.0
                        ],
                        "objective": [
                            0.0017,
                            1000000.0
                        ],
                        "bounds": [
                            1000.0,
                            614647.034
                        ]
                    },
                    "sparsity": {
                        "columns": {
                            "quantiles": [
                                4.0,
                                5.0,
                                6.0
                            ],
                            "num_dense": 758
                        },
                        "rows": {
                            "quantiles": [
                                5.0,
                                6.0,
                                8.0
                            ],
                            "num_dense": 744
                        }
                    }
                }
            }
        ]
    },
    "baseline": {
        "solver": "gurobi",
        "version": "11.0.3",
        "solution": {
            "solution_status": "OPTIMAL",
            "runtime": 0.7810499668121338,
            "barrier_iterations": 44,
            "objective_value": 1940256.7485405824
        }
    }
}