{
    "meta": {
        "source": "calliope",
        "version": "0.6.10",
        "commit": "aad664ff1202d298e3265cd8994ca5e9a57788e9",
        "name": "calliope_0610_urban_T1D",
        "descr": {
            "model": "tutorial_urban_scale",
            "period": "first day of January"
        },
        "fingerprint": 902319880
    },
    "problem_type": "LP",
    "stats": {
        "original": {
            "size": {
                "variables": {
                    "total": 1873,
                    "binary": 0,
                    "integer": 0,
                    "nontrivial_bounds": false
                },
                "constraints": {
                    "total": 2191,
                    "eq": 1110,
                    "le": 1058,
                    "ge": 23
                },
                "nonzeros": 5430
            },
            "range": {
                "coefficients": [
                    7.545758369179507e-06,
                    7.0
                ],
                "rhs": [
                    0.46443143,
                    2000.0
                ],
                "objective": [
                    1.0,
                    1000000.0
                ],
                "bounds": [
                    0.0,
                    0.0
                ]
            },
            "sparsity": {
                "columns": {
                    "quantiles": [
                        3.0,
                        4.0,
                        27.0
                    ],
                    "num_dense": 20
                },
                "rows": {
                    "quantiles": [
                        4.0,
                        6.0,
                        12.0
                    ],
                    "num_dense": 32
                }
            }
        },
        "presolved": [
            {
                "tool": "gurobi",
                "version": "11.0.3",
                "stats": {
                    "size": {
                        "variables": {
                            "total": 945,
                            "binary": 0,
                            "integer": 0,
                            "nontrivial_bounds": true
                        },
                        "constraints": {
                            "total": 930,
                            "eq": 240,
                            "le": 690,
                            "ge": 0
                        },
                        "nonzeros": 2664
                    },
                    "range": {
                        "coefficients": [
                            0.0002428569,
                            2.4691358024691357
                        ],
                        "rhs": [
                            0.46443143,
                            532.1887082
                        ],
                        "objective": [
                            1.5091516738359015e-05,
                            1000000.0
                        ],
                        "bounds": [
                            0.08608491491499999,
                            2002.001
                        ]
                    },
                    "sparsity": {
                        "columns": {
                            "quantiles": [
                                4.0,
                                4.0,
                                24.0
                            ],
                            "num_dense": 12
                        },
                        "rows": {
                            "quantiles": [
                                5.0,
                                8.0,
                                9.0
                            ],
                            "num_dense": 24
                        }
                    }
                }
            }
        ]
    },
    "baseline": {
        "solver": "gurobi",
        "version": "11.0.3",
        "solution": {
            "solution_status": "OPTIMAL",
            "runtime": 0.03059101104736328,
            "barrier_iterations": 21,
            "objective_value": 528.864315440388
        }
    }
}