{
    "meta": {
        "source": "calliope",
        "version": "0.6.10",
        "commit": "aad664ff1202d298e3265cd8994ca5e9a57788e9",
        "name": "calliope_0610_urban_T1W",
        "descr": {
            "model": "tutorial_urban_scale",
            "period": "first week of January"
        },
        "fingerprint": -1886687363
    },
    "problem_type": "LP",
    "stats": {
        "original": {
            "size": {
                "variables": {
                    "total": 12673,
                    "binary": 0,
                    "integer": 0,
                    "nontrivial_bounds": false
                },
                "constraints": {
                    "total": 14719,
                    "eq": 7446,
                    "le": 7250,
                    "ge": 23
                },
                "nonzeros": 37110
            },
            "range": {
                "coefficients": [
                    5.282030858425656e-05,
                    7.0
                ],
                "rhs": [
                    0.0156,
                    2000.0
                ],
                "objective": [
                    1.0,
                    1000000.0
                ],
                "bounds": [
                    0.0,
                    0.0
                ]
            },
            "sparsity": {
                "columns": {
                    "quantiles": [
                        3.0,
                        4.0,
                        6.0
                    ],
                    "num_dense": 200
                },
                "rows": {
                    "quantiles": [
                        4.0,
                        6.0,
                        12.0
                    ],
                    "num_dense": 176
                }
            }
        },
        "presolved": [
            {
                "tool": "gurobi",
                "version": "11.0.3",
                "stats": {
                    "size": {
                        "variables": {
                            "total": 6561,
                            "binary": 0,
                            "integer": 0,
                            "nontrivial_bounds": true
                        },
                        "constraints": {
                            "total": 6546,
                            "eq": 1680,
                            "le": 4866,
                            "ge": 0
                        },
                        "nonzeros": 18792
                    },
                    "range": {
                        "coefficients": [
                            0.00012142845,
                            2.4691358024691357
                        ],
                        "rhs": [
                            0.0156,
                            571.1515914
                        ],
                        "objective": [
                            0.00010564061716851312,
                            1000000.0
                        ],
                        "bounds": [
                            0.043542457457499996,
                            2002.001
                        ]
                    },
                    "sparsity": {
                        "columns": {
                            "quantiles": [
                                4.0,
                                4.0,
                                5.0
                            ],
                            "num_dense": 183
                        },
                        "rows": {
                            "quantiles": [
                                5.0,
                                8.0,
                                9.0
                            ],
                            "num_dense": 168
                        }
                    }
                }
            }
        ]
    },
    "baseline": {
        "solver": "gurobi",
        "version": "11.0.3",
        "solution": {
            "solution_status": "OPTIMAL",
            "runtime": 0.09473896026611328,
            "barrier_iterations": 25,
            "objective_value": 4377.112620704763
        }
    }
}