{
    "meta": {
        "source": "calliope",
        "version": "0.6.10",
        "commit": "aad664ff1202d298e3265cd8994ca5e9a57788e9",
        "name": "calliope_0610_national_T6M",
        "descr": {
            "model": "tutorial_national_scale",
            "period": "January to June"
        },
        "fingerprint": -33705571
    },
    "problem_type": "LP",
    "stats": {
        "original": {
            "size": {
                "variables": {
                    "total": 230278,
                    "binary": 0,
                    "integer": 0,
                    "nontrivial_bounds": false
                },
                "constraints": {
                    "total": 291100,
                    "eq": 134693,
                    "le": 156397,
                    "ge": 10
                },
                "nonzeros": 739047
            },
            "range": {
                "coefficients": [
                    7.400000000000001e-05,
                    54.631290592859635
                ],
                "rhs": [
                    1.0,
                    614033.0
                ],
                "objective": [
                    1.0,
                    1000000.0
                ],
                "bounds": [
                    0.0,
                    0.0
                ]
            },
            "sparsity": {
                "columns": {
                    "quantiles": [
                        4.0,
                        4.0,
                        7.0
                    ],
                    "num_dense": 4367
                },
                "rows": {
                    "quantiles": [
                        4.0,
                        5.0,
                        12.0
                    ],
                    "num_dense": 4356
                }
            }
        },
        "presolved": [
            {
                "tool": "gurobi",
                "version": "11.0.3",
                "stats": {
                    "size": {
                        "variables": {
                            "total": 107964,
                            "binary": 0,
                            "integer": 0,
                            "nontrivial_bounds": true
                        },
                        "constraints": {
                            "total": 112778,
                            "eq": 33616,
                            "le": 79162,
                            "ge": 0
                        },
                        "nonzeros": 335774
                    },
                    "range": {
                        "coefficients": [
                            7.400000000000001e-05,
                            4.0
                        ],
                        "rhs": [
                            2090.164,
                            40000.0
                        ],
                        "objective": [
                            0.0017,
                            1000000.0
                        ],
                        "bounds": [
                            1000.0,
                            614647.034
                        ]
                    },
                    "sparsity": {
                        "columns": {
                            "quantiles": [
                                4.0,
                                5.0,
                                6.0
                            ],
                            "num_dense": 4358
                        },
                        "rows": {
                            "quantiles": [
                                5.0,
                                6.0,
                                8.0
                            ],
                            "num_dense": 4344
                        }
                    }
                }
            }
        ]
    },
    "baseline": {
        "solver": "gurobi",
        "version": "11.0.3",
        "solution": {
            "solution_status": "OPTIMAL",
            "runtime": 9.776031017303467,
            "barrier_iterations": 69,
            "objective_value": 11086901.121482663
        }
    }
}