{
    "meta": {
        "source": "calliope",
        "version": "0.6.10",
        "commit": "aad664ff1202d298e3265cd8994ca5e9a57788e9",
        "name": "calliope_0610_national_T1D",
        "descr": {
            "model": "tutorial_national_scale",
            "period": "first day of January"
        },
        "fingerprint": 2091683626
    },
    "problem_type": "LP",
    "stats": {
        "original": {
            "size": {
                "variables": {
                    "total": 1318,
                    "binary": 0,
                    "integer": 0,
                    "nontrivial_bounds": false
                },
                "constraints": {
                    "total": 1660,
                    "eq": 773,
                    "le": 877,
                    "ge": 10
                },
                "nonzeros": 4160
            },
            "range": {
                "coefficients": [
                    0.002,
                    4.0
                ],
                "rhs": [
                    1.0,
                    614033.0
                ],
                "objective": [
                    1.0,
                    1000000.0
                ],
                "bounds": [
                    0.0,
                    0.0
                ]
            },
            "sparsity": {
                "columns": {
                    "quantiles": [
                        4.0,
                        4.0,
                        28.0
                    ],
                    "num_dense": 16
                },
                "rows": {
                    "quantiles": [
                        4.0,
                        5.0,
                        12.0
                    ],
                    "num_dense": 36
                }
            }
        },
        "presolved": [
            {
                "tool": "gurobi",
                "version": "11.0.3",
                "stats": {
                    "size": {
                        "variables": {
                            "total": 605,
                            "binary": 0,
                            "integer": 0,
                            "nontrivial_bounds": true
                        },
                        "constraints": {
                            "total": 612,
                            "eq": 184,
                            "le": 428,
                            "ge": 0
                        },
                        "nonzeros": 1827
                    },
                    "range": {
                        "coefficients": [
                            0.009056,
                            4.0
                        ],
                        "rhs": [
                            2090.164,
                            31965.28
                        ],
                        "objective": [
                            0.0017,
                            1000000.0
                        ],
                        "bounds": [
                            1000.0,
                            614647.034
                        ]
                    },
                    "sparsity": {
                        "columns": {
                            "quantiles": [
                                4.0,
                                6.0,
                                25.0
                            ],
                            "num_dense": 10
                        },
                        "rows": {
                            "quantiles": [
                                5.0,
                                6.0,
                                8.0
                            ],
                            "num_dense": 24
                        }
                    }
                }
            }
        ]
    },
    "baseline": {
        "solver": "gurobi",
        "version": "11.0.3",
        "solution": {
            "solution_status": "OPTIMAL",
            "runtime": 0.020977020263671875,
            "barrier_iterations": 16,
            "objective_value": 38988.74420005862
        }
    }
}