{
    "meta": {
        "source": "calliope",
        "version": "0.6.10",
        "commit": "aad664ff1202d298e3265cd8994ca5e9a57788e9",
        "name": "calliope_0610_urban_default",
        "descr": {
            "model": "tutorial_urban_scale",
            "period": "default"
        },
        "fingerprint": -1202170043
    },
    "problem_type": "LP",
    "stats": {
        "original": {
            "size": {
                "variables": {
                    "total": 3673,
                    "binary": 0,
                    "integer": 0,
                    "nontrivial_bounds": false
                },
                "constraints": {
                    "total": 4279,
                    "eq": 2166,
                    "le": 2090,
                    "ge": 23
                },
                "nonzeros": 10755
            },
            "range": {
                "coefficients": [
                    1.5091516738359015e-05,
                    7.0
                ],
                "rhs": [
                    0.0156,
                    2000.0
                ],
                "objective": [
                    1.0,
                    1000000.0
                ],
                "bounds": [
                    0.0,
                    0.0
                ]
            },
            "sparsity": {
                "columns": {
                    "quantiles": [
                        3.0,
                        4.0,
                        6.0
                    ],
                    "num_dense": 80
                },
                "rows": {
                    "quantiles": [
                        4.0,
                        6.0,
                        12.0
                    ],
                    "num_dense": 56
                }
            }
        },
        "presolved": [
            {
                "tool": "gurobi",
                "version": "11.0.3",
                "stats": {
                    "size": {
                        "variables": {
                            "total": 1926,
                            "binary": 0,
                            "integer": 0,
                            "nontrivial_bounds": true
                        },
                        "constraints": {
                            "total": 1911,
                            "eq": 480,
                            "le": 1431,
                            "ge": 0
                        },
                        "nonzeros": 5532
                    },
                    "range": {
                        "coefficients": [
                            0.00072857155,
                            2.4691358024691357
                        ],
                        "rhs": [
                            0.0156,
                            365.1376749
                        ],
                        "objective": [
                            3.018303347671803e-05,
                            1000000.0
                        ],
                        "bounds": [
                            0.2562550425425,
                            2002.001
                        ]
                    },
                    "sparsity": {
                        "columns": {
                            "quantiles": [
                                4.0,
                                4.0,
                                5.0
                            ],
                            "num_dense": 63
                        },
                        "rows": {
                            "quantiles": [
                                5.0,
                                7.0,
                                11.0
                            ],
                            "num_dense": 29
                        }
                    }
                }
            }
        ]
    },
    "baseline": {
        "solver": "gurobi",
        "version": "11.0.3",
        "solution": {
            "solution_status": "OPTIMAL",
            "runtime": 0.025639057159423828,
            "barrier_iterations": 26,
            "objective_value": 842.3529140535296
        }
    }
}