{
    "meta": {
        "source": "calliope",
        "version": "0.6.10",
        "commit": "aad664ff1202d298e3265cd8994ca5e9a57788e9",
        "name": "calliope_0610_urban_T6M",
        "descr": {
            "model": "tutorial_urban_scale",
            "period": "January to June"
        },
        "fingerprint": 582014769
    },
    "problem_type": "LP",
    "stats": {
        "original": {
            "size": {
                "variables": {
                    "total": 325873,
                    "binary": 0,
                    "integer": 0,
                    "nontrivial_bounds": false
                },
                "constraints": {
                    "total": 378031,
                    "eq": 191190,
                    "le": 186818,
                    "ge": 23
                },
                "nonzeros": 958082
            },
            "range": {
                "coefficients": [
                    0.000142857,
                    73.7522423003605
                ],
                "rhs": [
                    0.0156,
                    2000.0
                ],
                "objective": [
                    1.0,
                    1000000.0
                ],
                "bounds": [
                    0.0,
                    0.0
                ]
            },
            "sparsity": {
                "columns": {
                    "quantiles": [
                        3.0,
                        4.0,
                        6.0
                    ],
                    "num_dense": 4376
                },
                "rows": {
                    "quantiles": [
                        4.0,
                        6.0,
                        12.0
                    ],
                    "num_dense": 4352
                }
            }
        },
        "presolved": [
            {
                "tool": "gurobi",
                "version": "11.0.3",
                "stats": {
                    "size": {
                        "variables": {
                            "total": 171684,
                            "binary": 0,
                            "integer": 0,
                            "nontrivial_bounds": true
                        },
                        "constraints": {
                            "total": 171669,
                            "eq": 43440,
                            "le": 128229,
                            "ge": 0
                        },
                        "nonzeros": 495540
                    },
                    "range": {
                        "coefficients": [
                            0.00012142845,
                            2.4691358024691357
                        ],
                        "rhs": [
                            0.0156,
                            571.1515914
                        ],
                        "objective": [
                            0.0003,
                            1000000.0
                        ],
                        "bounds": [
                            0.043542457457499996,
                            2002.001
                        ]
                    },
                    "sparsity": {
                        "columns": {
                            "quantiles": [
                                4.0,
                                4.0,
                                5.0
                            ],
                            "num_dense": 4359
                        },
                        "rows": {
                            "quantiles": [
                                5.0,
                                8.0,
                                11.0
                            ],
                            "num_dense": 2199
                        }
                    }
                }
            }
        ]
    },
    "baseline": {
        "solver": "gurobi",
        "version": "11.0.3",
        "solution": {
            "solution_status": "OPTIMAL",
            "runtime": 7.399142026901245,
            "barrier_iterations": 47,
            "objective_value": 93966.26919992083
        }
    }
}