{
    "meta": {
        "source": "calliope",
        "version": "0.6.10",
        "commit": "aad664ff1202d298e3265cd8994ca5e9a57788e9",
        "name": "calliope_0610_urban_T1M",
        "descr": {
            "model": "tutorial_urban_scale",
            "period": "all of January"
        },
        "fingerprint": 808269552
    },
    "problem_type": "LP",
    "stats": {
        "original": {
            "size": {
                "variables": {
                    "total": 55873,
                    "binary": 0,
                    "integer": 0,
                    "nontrivial_bounds": false
                },
                "constraints": {
                    "total": 64831,
                    "eq": 32790,
                    "le": 32018,
                    "ge": 23
                },
                "nonzeros": 163824
            },
            "range": {
                "coefficients": [
                    0.000142857,
                    12.631599510006495
                ],
                "rhs": [
                    0.0156,
                    2000.0
                ],
                "objective": [
                    1.0,
                    1000000.0
                ],
                "bounds": [
                    0.0,
                    0.0
                ]
            },
            "sparsity": {
                "columns": {
                    "quantiles": [
                        3.0,
                        4.0,
                        6.0
                    ],
                    "num_dense": 776
                },
                "rows": {
                    "quantiles": [
                        4.0,
                        6.0,
                        12.0
                    ],
                    "num_dense": 752
                }
            }
        },
        "presolved": [
            {
                "tool": "gurobi",
                "version": "11.0.3",
                "stats": {
                    "size": {
                        "variables": {
                            "total": 29019,
                            "binary": 0,
                            "integer": 0,
                            "nontrivial_bounds": true
                        },
                        "constraints": {
                            "total": 29004,
                            "eq": 7440,
                            "le": 21564,
                            "ge": 0
                        },
                        "nonzeros": 83280
                    },
                    "range": {
                        "coefficients": [
                            0.00012142845,
                            2.4691358024691357
                        ],
                        "rhs": [
                            0.0156,
                            571.1515914
                        ],
                        "objective": [
                            0.00046783701888912944,
                            1000000.0
                        ],
                        "bounds": [
                            0.043542457457499996,
                            2002.001
                        ]
                    },
                    "sparsity": {
                        "columns": {
                            "quantiles": [
                                4.0,
                                4.0,
                                5.0
                            ],
                            "num_dense": 759
                        },
                        "rows": {
                            "quantiles": [
                                5.0,
                                8.0,
                                9.0
                            ],
                            "num_dense": 744
                        }
                    }
                }
            }
        ]
    },
    "baseline": {
        "solver": "gurobi",
        "version": "11.0.3",
        "solution": {
            "solution_status": "OPTIMAL",
            "runtime": 1.599303960800171,
            "barrier_iterations": 48,
            "objective_value": 17339.35604652519
        }
    }
}