{
    "meta": {
        "source": "calliope",
        "version": "0.6.10",
        "commit": "aad664ff1202d298e3265cd8994ca5e9a57788e9",
        "name": "calliope_0610_urban_T1Y",
        "descr": {
            "model": "tutorial_urban_scale",
            "period": "one full year"
        },
        "fingerprint": 1347959368
    },
    "problem_type": "LP",
    "stats": {
        "original": {
            "size": {
                "variables": {
                    "total": 657073,
                    "binary": 0,
                    "integer": 0,
                    "nontrivial_bounds": false
                },
                "constraints": {
                    "total": 762223,
                    "eq": 385494,
                    "le": 376706,
                    "ge": 23
                },
                "nonzeros": 1931421
            },
            "range": {
                "coefficients": [
                    0.000142857,
                    148.7268974565281
                ],
                "rhs": [
                    0.0156,
                    2000.0
                ],
                "objective": [
                    1.0,
                    1000000.0
                ],
                "bounds": [
                    0.0,
                    0.0
                ]
            },
            "sparsity": {
                "columns": {
                    "quantiles": [
                        3.0,
                        4.0,
                        6.0
                    ],
                    "num_dense": 8792
                },
                "rows": {
                    "quantiles": [
                        4.0,
                        6.0,
                        12.0
                    ],
                    "num_dense": 8768
                }
            }
        },
        "presolved": [
            {
                "tool": "gurobi",
                "version": "11.0.3",
                "stats": {
                    "size": {
                        "variables": {
                            "total": 345735,
                            "binary": 0,
                            "integer": 0,
                            "nontrivial_bounds": true
                        },
                        "constraints": {
                            "total": 345720,
                            "eq": 87600,
                            "le": 258120,
                            "ge": 0
                        },
                        "nonzeros": 997440
                    },
                    "range": {
                        "coefficients": [
                            0.00012142845,
                            2.4691358024691357
                        ],
                        "rhs": [
                            0.0156,
                            571.1515914
                        ],
                        "objective": [
                            0.0003,
                            1000000.0
                        ],
                        "bounds": [
                            0.043542457457499996,
                            2002.001
                        ]
                    },
                    "sparsity": {
                        "columns": {
                            "quantiles": [
                                4.0,
                                4.0,
                                5.0
                            ],
                            "num_dense": 8775
                        },
                        "rows": {
                            "quantiles": [
                                5.0,
                                8.0,
                                11.0
                            ],
                            "num_dense": 4280
                        }
                    }
                }
            }
        ]
    },
    "baseline": {
        "solver": "gurobi",
        "version": "11.0.3",
        "solution": {
            "solution_status": "OPTIMAL",
            "runtime": 20.15321111679077,
            "barrier_iterations": 63,
            "objective_value": 186227.1656046155
        }
    }
}